12/31/15;1/31/16;2/29/16;3/31/16;4/30/16;5/31/16;6/30/16;7/31/16;8/31/16;9/30/16;10/31/16;11/30/16;12/31/16;1/31/17;2/28/17;3/31/17;4/30/17;5/31/17;6/30/17;7/31/17;8/31/17;9/30/17;10/31/17;11/30/17;12/31/17;1/31/18;2/28/18;3/31/18;4/30/18;5/31/18;6/30/18;7/31/18;8/31/18;9/30/18;10/31/18;11/30/18;12/31/18;1/31/19;2/28/19;3/31/19;4/30/19;5/31/19;6/30/19;7/31/19;8/31/19;9/30/19;10/31/19;11/30/19;12/31/19;1/31/20;2/29/20;3/31/20;4/30/20;5/31/20;6/30/20;7/31/20;8/31/20;9/30/20;10/31/20;11/30/20;12/31/20;1/31/21;2/28/21;3/31/21;4/30/21;5/31/21;6/30/21;7/31/21;8/31/21;9/30/21;10/31/21;11/30/21;12/31/21;1/31/22;2/28/22;3/31/22;4/30/22;5/31/22;6/30/22;7/31/22;8/31/22
ABEV3;ABEV3;ITUB4;ITUB4;ITUB4;ITUB4;ITUB4;ITUB4;ITUB4;ITUB4;ITUB4;ITUB4;ITUB4;ITUB4;ITUB4;ITUB4;ITUB4;ITUB4;ITUB4;ITUB4;ITUB4;ITUB4;ITUB4;ITUB4;ITUB4;ITUB4;ITUB4;ITUB4;ITUB4;VALE3;VALE3;VALE3;VALE3;VALE3;VALE3;ITUB4;ITUB4;ITUB4;ITUB4;VALE3;VALE3;ITUB4;ITUB4;ITUB4;ITUB4;ITUB4;ITUB4;ITUB4;ITUB4;VALE3;ITUB4;VALE3;VALE3;VALE3;VALE3;VALE3;VALE3;VALE3;VALE3;VALE3;VALE3;VALE3;VALE3;VALE3;VALE3;VALE3;VALE3;VALE3;VALE3;VALE3;VALE3;VALE3;VALE3;VALE3;VALE3;VALE3;VALE3;VALE3;VALE3;VALE3;VALE3
AMER3;BBAS3;ABEV3;BBDC4;BBDC4;ABEV3;ABEV3;ABEV3;BBDC4;ABEV3;BBDC4;BBDC4;BBDC4;BBDC4;BBDC4;BBDC4;BBDC4;BBDC4;BBDC4;BBDC4;VALE3;BBDC4;BBDC4;VALE3;VALE3;VALE3;VALE3;VALE3;VALE3;ITUB4;ITUB4;ITUB4;ITUB4;ITUB4;ITUB4;VALE3;VALE3;VALE3;VALE3;ITUB4;ITUB4;VALE3;VALE3;VALE3;VALE3;VALE3;VALE3;VALE3;VALE3;ITUB4;VALE3;ITUB4;ITUB4;ITUB4;ITUB4;B3SA3;B3SA3;ITUB4;ITUB4;ITUB4;ITUB4;ITUB4;ITUB4;ITUB4;ITUB4;ITUB4;ITUB4;ITUB4;ITUB4;ITUB4;PETR4;PETR4;PETR4;PETR4;PETR4;PETR4;PETR4;PETR4;PETR4;PETR4;PETR4
AURE3;BBDC3;BBDC4;ABEV3;ABEV3;BBDC4;BBDC4;BBDC4;ABEV3;BBDC4;ABEV3;ABEV3;ABEV3;ABEV3;ABEV3;ABEV3;ABEV3;ABEV3;ABEV3;ABEV3;BBDC4;VALE3;VALE3;BBDC4;BBDC4;BBDC4;BBDC4;BBDC4;BBDC4;BBDC4;BBDC4;BBDC4;BBDC4;BBDC4;PETR4;BBDC4;BBDC4;BBDC4;BBDC4;BBDC4;BBDC4;BBDC4;BBDC4;BBDC4;BBDC4;BBDC4;BBDC4;PETR4;BBDC4;PETR4;BBDC4;BBDC4;BBDC4;B3SA3;B3SA3;ITUB4;ITUB4;B3SA3;B3SA3;PETR4;PETR4;PETR4;PETR4;BBDC4;BBDC4;PETR4;PETR4;PETR4;PETR4;PETR4;ITUB4;ITUB4;PETR3;ITUB4;ITUB4;ITUB4;ITUB4;ITUB4;ITUB4;ITUB4;ITUB4
B3SA3;BBDC4;BRFS3;PETR4;PETR4;BRFS3;PETR4;PETR4;PETR4;PETR4;PETR4;PETR4;PETR4;PETR4;PETR4;PETR4;PETR4;PETR4;VALE5;VALE5;ABEV3;ABEV3;ABEV3;ABEV3;ABEV3;ABEV3;ABEV3;ABEV3;ABEV3;ABEV3;ABEV3;ABEV3;ABEV3;PETR4;BBDC4;PETR4;PETR4;PETR4;PETR4;PETR4;PETR4;PETR4;PETR4;PETR4;PETR4;PETR4;PETR4;BBDC4;PETR4;BBDC4;PETR4;B3SA3;PETR4;PETR4;PETR4;PETR4;PETR4;PETR4;BBDC4;BBDC4;BBDC4;B3SA3;B3SA3;PETR4;PETR4;BBDC4;BBDC4;BBDC4;PETR3;BBDC4;PETR3;PETR3;ITUB4;BBDC4;PETR3;BBDC4;BBDC4;BBDC4;BBDC4;PETR3;PETR3
B3SA3;BBSE3;CIEL3;BRFS3;PETR3;PETR4;BRFS3;BRFS3;BRFS3;BRFS3;PETR3;VALE5;VALE5;VALE5;VALE5;VALE5;VALE5;VALE5;PETR4;PETR4;PETR4;PETR4;PETR4;PETR4;PETR4;PETR4;PETR4;PETR4;PETR4;PETR4;PETR4;PETR4;PETR4;ABEV3;PETR3;PETR3;PETR3;PETR3;PETR3;PETR3;PETR3;PETR3;PETR3;ABEV3;B3SA3;PETR3;B3SA3;B3SA3;PETR3;B3SA3;B3SA3;PETR4;B3SA3;BBDC4;BBDC4;BBDC4;BBDC4;BBDC4;PETR4;B3SA3;B3SA3;BBDC4;BBDC4;B3SA3;B3SA3;B3SA3;PETR3;PETR3;BBDC4;PETR3;BBDC4;BBDC4;BBDC4;PETR3;BBDC4;B3SA3;PETR3;PETR3;PETR3;BBDC4;BBDC4
BBAS3;BRAP4;ITSA4;ITSA4;B3SA3;CIEL3;CIEL3;PETR3;PETR3;PETR3;BRFS3;PETR3;PETR3;VALE3;VALE3;VALE3;BBAS3;VALE3;VALE3;VALE3;B3SA3;B3SA3;B3SA3;B3SA3;B3SA3;PETR3;PETR3;PETR3;PETR3;PETR3;PETR3;PETR3;PETR3;PETR3;ABEV3;ABEV3;ABEV3;ABEV3;ABEV3;ABEV3;ABEV3;ABEV3;ABEV3;B3SA3;ABEV3;B3SA3;PETR3;PETR3;B3SA3;PETR3;PETR3;ABEV3;PETR3;PETR3;PETR3;PETR3;PETR3;PETR3;PETR3;PETR3;PETR3;PETR3;PETR3;PETR3;PETR3;PETR3;B3SA3;B3SA3;B3SA3;B3SA3;B3SA3;ABEV3;B3SA3;B3SA3;B3SA3;PETR3;B3SA3;B3SA3;B3SA3;B3SA3;B3SA3
BBDC3;BRFS3;UGPA3;PETR3;CIEL3;PETR3;PETR3;B3SA3;ITSA4;ITSA4;VALE5;VALE3;VALE3;PETR3;PETR3;BBAS3;VALE3;B3SA3;B3SA3;B3SA3;ITSA4;PETR3;PETR3;PETR3;PETR3;B3SA3;B3SA3;ITSA4;ITSA4;ITSA4;B3SA3;ITSA4;B3SA3;B3SA3;BBAS3;BBAS3;BBAS3;BBAS3;BBAS3;B3SA3;B3SA3;B3SA3;B3SA3;PETR3;PETR3;ABEV3;ABEV3;ABEV3;ABEV3;ABEV3;BBAS3;BBAS3;ABEV3;ABEV3;ABEV3;ABEV3;MGLU3;MGLU3;MGLU3;MGLU3;ABEV3;MGLU3;MGLU3;ABEV3;ABEV3;ABEV3;ABEV3;ABEV3;ABEV3;ABEV3;ABEV3;B3SA3;ABEV3;ABEV3;ABEV3;ABEV3;ABEV3;ABEV3;ABEV3;ABEV3;ABEV3
BBDC4;BRKM5;B3SA3;B3SA3;VALE5;B3SA3;B3SA3;CIEL3;B3SA3;VALE5;BBAS3;BRFS3;BRFS3;BBAS3;BBAS3;PETR3;PETR3;PETR3;PETR3;PETR3;BBAS3;BBAS3;BBAS3;ITSA4;ITSA4;ITSA4;ITSA4;B3SA3;B3SA3;B3SA3;ITSA4;B3SA3;ITSA4;ITSA4;B3SA3;B3SA3;B3SA3;B3SA3;B3SA3;BBAS3;BBAS3;BBAS3;BBAS3;BBAS3;BBAS3;BBAS3;BBAS3;BBAS3;BBAS3;BBAS3;ABEV3;ITSA4;BBAS3;BBAS3;BBAS3;MGLU3;ABEV3;ABEV3;ABEV3;ABEV3;MGLU3;ABEV3;ABEV3;WEGE3;MGLU3;MGLU3;MGLU3;MGLU3;WEGE3;WEGE3;WEGE3;WEGE3;JBSS3;ITSA4;HAPV3;HAPV3;JBSS3;BBAS3;BBAS3;BBAS3;BBAS3
BBSE3;BRML3;PETR4;CIEL3;ITSA4;ITSA4;ITSA4;ITSA4;CIEL3;CIEL3;ITSA4;BBAS3;BBAS3;ITSA4;ITSA4;B3SA3;B3SA3;BBAS3;ITSA4;ITSA4;PETR3;ITSA4;ITSA4;BBAS3;BBAS3;BBAS3;BBAS3;BBAS3;BBAS3;BBAS3;BBAS3;BBAS3;BBAS3;BBAS3;ITSA4;ITSA4;ITSA4;ITSA4;ITSA4;ITSA4;ITSA4;ITSA4;ITSA4;ITSA4;ITSA4;ITSA4;ITSA4;ITSA4;ITSA4;ITSA4;ITSA4;PETR3;ITSA4;MGLU3;MGLU3;BBAS3;BBAS3;WEGE3;WEGE3;WEGE3;ITSA4;WEGE3;WEGE3;MGLU3;WEGE3;HAPV3;WEGE3;WEGE3;MGLU3;ITSA4;JBSS3;JBSS3;WEGE3;WEGE3;BBAS3;ITSA4;BBAS3;JBSS3;ELET3;ELET3;ELET3
BRAP4;B3SA3;JBSS3;UGPA3;BRFS3;UGPA3;UGPA3;VALE5;VALE5;B3SA3;B3SA3;ITSA4;ITSA4;BRFS3;B3SA3;ITSA4;ITSA4;ITSA4;BBAS3;BBAS3;BRFS3;BRFS3;BRFS3;BRFS3;UGPA3;UGPA3;UGPA3;UGPA3;UGPA3;UGPA3;UGPA3;UGPA3;SUZB3;SUZB3;LREN3;LREN3;LREN3;LREN3;LREN3;LREN3;JBSS3;JBSS3;LREN3;JBSS3;JBSS3;JBSS3;JBSS3;JBSS3;LREN3;LREN3;LREN3;JBSS3;JBSS3;ITSA4;ITSA4;ITSA4;WEGE3;ITSA4;ITSA4;ITSA4;WEGE3;HAPV3;SUZB3;SUZB3;SUZB3;WEGE3;ITSA4;ITSA4;ITSA4;JBSS3;ITSA4;ITSA4;SUZB3;JBSS3;JBSS3;WEGE3;WEGE3;ITSA4;JBSS3;RENT3;RENT3
BRFS3;CCRO3;PETR3;VALE3;VALE3;VALE5;VALE5;VALE3;BBAS3;UGPA3;VALE3;B3SA3;B3SA3;B3SA3;BRFS3;BRFS3;BRFS3;BRFS3;UGPA3;UGPA3;UGPA3;UGPA3;UGPA3;UGPA3;BRFS3;CIEL3;CIEL3;LREN3;LREN3;LREN3;SUZB3;LREN3;UGPA3;LREN3;UGPA3;BBDC3;UGPA3;UGPA3;UGPA3;SUZB3;LREN3;LREN3;JBSS3;LREN3;LREN3;LREN3;LREN3;LREN3;JBSS3;JBSS3;JBSS3;LREN3;MGLU3;JBSS3;WEGE3;WEGE3;ITSA4;BBAS3;NTCO3;BBAS3;BBAS3;ITSA4;HAPV3;HAPV3;HAPV3;ITSA4;HAPV3;HAPV3;HAPV3;HAPV3;BBAS3;BBAS3;ITSA4;BBAS3;ITSA4;BBAS3;ITSA4;SUZB3;ITSA4;WEGE3;WEGE3
BRKM5;AURE3;VIVT3;VALE5;UGPA3;VALE3;VALE3;UGPA3;UGPA3;BBAS3;CIEL3;UGPA3;UGPA3;UGPA3;UGPA3;UGPA3;UGPA3;UGPA3;BRFS3;CIEL3;CIEL3;COGN3;COGN3;COGN3;COGN3;BRFS3;LREN3;CIEL3;CIEL3;SUZB3;LREN3;SUZB3;LREN3;UGPA3;BBDC3;UGPA3;BBDC3;SUZB3;SUZB3;UGPA3;SUZB3;BBDC3;BBDC3;BBDC3;BRFS3;BBDC3;BBDC3;IRBR3;BBDC3;IRBR3;MGLU3;MGLU3;LREN3;LREN3;JBSS3;JBSS3;JBSS3;HAPV3;BBAS3;NTCO3;HAPV3;SUZB3;ITSA4;ITSA4;JBSS3;SUZB3;NTCO3;NTCO3;SUZB3;BBAS3;HAPV3;SUZB3;BBAS3;SUZB3;WEGE3;JBSS3;HAPV3;WEGE3;WEGE3;JBSS3;ITSA4
BRML3;CIEL3;VALE3;VIVT3;COGN3;BBAS3;COGN3;BBAS3;VALE3;VALE3;UGPA3;CIEL3;CIEL3;CIEL3;CIEL3;CIEL3;CIEL3;CIEL3;CIEL3;BRFS3;COGN3;LREN3;LREN3;CIEL3;CIEL3;LREN3;COGN3;BBDC3;COGN3;CIEL3;VIVT3;BBDC3;FIBR3;BBDC3;RAIL3;RAIL3;VIVT3;BBDC3;BBDC3;JBSS3;BRFS3;SUZB3;SUZB3;BRFS3;BBDC3;IRBR3;IRBR3;BBDC3;IRBR3;MGLU3;WEGE3;WEGE3;WEGE3;HAPV3;LREN3;NTCO3;SUZB3;NTCO3;HAPV3;HAPV3;NTCO3;BBAS3;NTCO3;JBSS3;ITSA4;BBAS3;SUZB3;JBSS3;NTCO3;MGLU3;SUZB3;HAPV3;HAPV3;HAPV3;SUZB3;SUZB3;SUZB3;RENT3;SUZB3;ITSA4;JBSS3
BRPR3;CMIG4;BBSE3;BBSE3;BBSE3;VIVT3;VIVT3;COGN3;VIVT3;COGN3;COGN3;COGN3;BBSE3;COGN3;CCRO3;CCRO3;COGN3;COGN3;COGN3;COGN3;LREN3;CIEL3;CIEL3;LREN3;LREN3;COGN3;BRFS3;VIVT3;VIVT3;VIVT3;CIEL3;CIEL3;CIEL3;BRFS3;BBSE3;VIVT3;BBSE3;JBSS3;JBSS3;BBDC3;BBDC3;BRFS3;BRFS3;RENT3;RENT3;BRFS3;BRFS3;MGLU3;MGLU3;BBDC3;IRBR3;SUZB3;SUZB3;WEGE3;HAPV3;LREN3;NTCO3;SUZB3;RENT3;SUZB3;SUZB3;NTCO3;JBSS3;NTCO3;NTCO3;NTCO3;BBAS3;BBAS3;JBSS3;SUZB3;NTCO3;RENT3;RENT3;RENT3;RENT3;RENT3;RENT3;BPAC11;RENT3;SUZB3;SUZB3
CCRO3;CPFE3;VALE5;COGN3;VIVT3;BBSE3;BBAS3;VIVT3;COGN3;BBSE3;BBSE3;BBSE3;COGN3;VIVT3;BBSE3;BBSE3;BBSE3;BBSE3;BBSE3;LREN3;VIVT3;VIVT3;VIVT3;VIVT3;VIVT3;VIVT3;BBDC3;BBSE3;BBDC3;BBSE3;EMBR3;BRFS3;VIVT3;COGN3;VIVT3;BBSE3;RAIL3;RAIL3;RAIL3;RAIL3;UGPA3;UGPA3;RAIL3;RAIL3;RAIL3;RAIL3;MGLU3;BRFS3;SUZB3;HAPV3;BBDC3;RADL3;HAPV3;SUZB3;NTCO3;HAPV3;LREN3;RENT3;SUZB3;RENT3;RENT3;RENT3;BBAS3;BBAS3;BBAS3;LREN3;JBSS3;SUZB3;BBAS3;NTCO3;MGLU3;LREN3;GGBR4;GGBR4;BPAC11;BPAC11;GGBR4;GGBR4;BPAC11;BPAC11;BPAC11
CIEL3;CPLE6;COGN3;JBSS3;BBAS3;COGN3;BBSE3;BBSE3;JBSS3;VIVT3;VIVT3;VIVT3;VIVT3;BBSE3;COGN3;VIVT3;VIVT3;VIVT3;LREN3;VIVT3;CCRO3;CCRO3;CCRO3;RADL3;RADL3;BBDC3;VIVT3;COGN3;BRFS3;BBDC3;FIBR3;VIVT3;RADL3;FIBR3;SUZB3;JBSS3;JBSS3;BBSE3;VIVT3;VIVT3;VIVT3;RAIL3;RENT3;SUZB3;IRBR3;RENT3;RAIL3;SUZB3;BRFS3;WEGE3;HAPV3;HAPV3;RADL3;NTCO3;SUZB3;SUZB3;HAPV3;JBSS3;LREN3;LREN3;JBSS3;JBSS3;RENT3;RENT3;RENT3;JBSS3;LREN3;RENT3;LREN3;BPAC11;GGBR4;GGBR4;BPAC11;BPAC11;EQTL3;GGBR4;BPAC11;HAPV3;GGBR4;HAPV3;HAPV3
CMIG4;CSAN3;EMBR3;BBDC3;BBDC3;JBSS3;JBSS3;JBSS3;BBSE3;JBSS3;BBDC3;BBDC3;JBSS3;JBSS3;VIVT3;COGN3;CCRO3;CCRO3;VIVT3;CCRO3;BBDC3;BBSE3;BBSE3;BBSE3;BBSE3;BBSE3;BBSE3;BRFS3;BBSE3;BRFS3;BBSE3;FIBR3;BBSE3;GGBR4;BRFS3;BRFS3;BRFS3;VIVT3;RENT3;BRFS3;RAIL3;RENT3;UGPA3;UGPA3;BBSE3;SUZB3;RENT3;RAIL3;RAIL3;RENT3;SUZB3;BBDC3;BBDC3;RAIL3;BBDC3;RENT3;RENT3;LREN3;JBSS3;JBSS3;LREN3;LREN3;LREN3;LREN3;GGBR4;RENT3;RENT3;LREN3;RENT3;RENT3;BPAC11;BPAC11;RADL3;LREN3;RDOR3;EQTL3;EQTL3;RDOR3;EQTL3;EQTL3;EQTL3
COGN3;CSNA3;BBDC3;BBAS3;JBSS3;BBDC3;BBDC3;LREN3;BBDC3;BBDC3;LREN3;JBSS3;BBDC3;BBDC3;BBDC3;BBDC3;BBDC3;LREN3;CCRO3;BBSE3;BBSE3;BBDC3;BBDC3;CCRO3;CCRO3;RADL3;EMBR3;EMBR3;SUZB3;FIBR3;RAIL3;GGBR4;BRKM5;RAIL3;SANB11;SUZB3;SUZB3;BRFS3;BBSE3;RENT3;BBSE3;BBSE3;BBSE3;BBSE3;SUZB3;BBSE3;SUZB3;RENT3;RENT3;SUZB3;RENT3;RAIL3;RAIL3;RADL3;RENT3;VIIA3;VIIA3;VIIA3;VIIA3;VIIA3;BBDC3;VBBR3;BPAC11;GGBR4;CSNA3;GGBR4;BPAC11;VBBR3;VBBR3;LREN3;LREN3;VBBR3;CSAN3;CSAN3;GGBR4;CSAN3;CSAN3;EQTL3;HAPV3;GGBR4;GGBR4
CPFE3;B3SA3;BBAS3;LREN3;CCRO3;EMBR3;LREN3;BBDC3;LREN3;LREN3;JBSS3;LREN3;LREN3;LREN3;JBSS3;LREN3;LREN3;BBDC3;BBDC3;BBDC3;JBSS3;RADL3;RADL3;BBDC3;BBDC3;CCRO3;GGBR4;SUZB3;EMBR3;EMBR3;BBDC3;COGN3;GGBR4;VIVT3;JBSS3;FIBR3;SANB11;SANB11;BRFS3;BBSE3;RENT3;VIVT3;VIVT3;VIVT3;VIVT3;VIVT3;RADL3;RADL3;UGPA3;UGPA3;EQTL3;VIVT3;RENT3;BBDC3;RAIL3;AMER3;AMER3;RAIL3;RADL3;BBDC3;RADL3;RADL3;GGBR4;RADL3;LREN3;VBBR3;VBBR3;BPAC11;BPAC11;GGBR4;RENT3;CSAN3;VBBR3;VBBR3;VBBR3;RDOR3;VBBR3;LREN3;RDOR3;LREN3;RDOR3
CPLE6;CYRE3;LREN3;CCRO3;LREN3;CCRO3;CCRO3;CCRO3;CCRO3;CCRO3;CCRO3;RADL3;CCRO3;CCRO3;LREN3;JBSS3;JBSS3;RADL3;RADL3;RADL3;RADL3;EMBR3;RAIL3;RAIL3;JBSS3;JBSS3;RADL3;RADL3;GGBR4;COGN3;JBSS3;BBSE3;BBDC3;BBSE3;COGN3;COGN3;EMBR3;COGN3;SANB11;SANB11;SANB11;SANB11;EQTL3;EQTL3;VBBR3;RADL3;BBSE3;UGPA3;WEGE3;RADL3;RADL3;EQTL3;VIVT3;RENT3;EQTL3;BBDC3;RAIL3;AMER3;RAIL3;RADL3;VIIA3;BBDC3;RADL3;BBDC3;BPAC11;RADL3;GGBR4;GGBR4;GGBR4;VBBR3;VBBR3;RADL3;LREN3;BBDC3;LREN3;VBBR3;LREN3;BBDC3;BBDC3;RDOR3;LREN3
CSAN3;ECOR3;CCRO3;EMBR3;HYPE3;LREN3;EMBR3;EMBR3;RADL3;RADL3;RADL3;CCRO3;RADL3;RADL3;SANB11;EMBR3;RADL3;EMBR3;CPFE3;CPFE3;EMBR3;HYPE3;BRKM5;HYPE3;EMBR3;RAIL3;RAIL3;FIBR3;RAIL3;RAIL3;BRFS3;RAIL3;BRFS3;BRKM5;FIBR3;SANB11;FIBR3;EQTL3;EQTL3;COGN3;EQTL3;EQTL3;SANB11;COGN3;MGLU3;MGLU3;VIVT3;VIVT3;BBSE3;VIVT3;RAIL3;BBSE3;EQTL3;EQTL3;RADL3;RADL3;BBDC3;RADL3;BBDC3;RAIL3;RAIL3;RAIL3;BBDC3;VBBR3;RADL3;BPAC11;CSNA3;CSAN3;RADL3;CSAN3;RADL3;BBDC3;EQTL3;RDOR3;RADL3;LREN3;RADL3;CSAN3;LREN3;ENEV3;CSAN3
CSNA3;EMBR3;KLBN11;HYPE3;EMBR3;RADL3;RADL3;RADL3;B3SA3;B3SA3;EMBR3;EMBR3;B3SA3;EMBR3;EMBR3;RADL3;HYPE3;CPFE3;HYPE3;JBSS3;CPFE3;JBSS3;HYPE3;WEGE3;HYPE3;EMBR3;JBSS3;GGBR4;FIBR3;GGBR4;RADL3;RADL3;COGN3;RADL3;GGBR4;EMBR3;RENT3;CCRO3;COGN3;EQTL3;PCAR3;COGN3;COGN3;MGLU3;RADL3;UGPA3;HAPV3;BBSE3;HAPV3;BRFS3;BRFS3;RENT3;AMER3;AMER3;AMER3;EQTL3;EQTL3;VBBR3;VBBR3;VBBR3;UGPA3;UGPA3;VBBR3;BPAC11;VBBR3;CSNA3;CSAN3;CSNA3;CSAN3;EQTL3;BBDC3;EQTL3;BBDC3;RADL3;CSAN3;RADL3;BBDC3;PRIO3;CSAN3;RADL3;ENEV3
CYRE3;ENBR3;B3SA3;RADL3;RADL3;B3SA3;B3SA3;B3SA3;EMBR3;EMBR3;B3SA3;GGBR4;EMBR3;B3SA3;B3SA3;HYPE3;EQTL3;HYPE3;EMBR3;SBSP3;EQTL3;CPFE3;CPFE3;EQTL3;RAIL3;GGBR4;FIBR3;SANB11;RADL3;JBSS3;COGN3;JBSS3;RAIL3;JBSS3;EMBR3;GGBR4;GGBR4;RENT3;CCRO3;GGBR4;COGN3;RADL3;RADL3;WEGE3;EQTL3;VBBR3;VBBR3;WEGE3;VIVT3;EQTL3;VIVT3;SBSP3;BBSE3;VIVT3;VIIA3;AMER3;AMER3;BBDC3;GGBR4;GGBR4;VBBR3;VIIA3;KLBN11;RAIL3;BBDC3;BBDC3;BBDC3;RADL3;EQTL3;RADL3;EQTL3;MGLU3;VIVT3;EQTL3;BBDC3;BBDC3;VIVT3;VBBR3;RADL3;BBDC3;BBDC3
ECOR3;EQTL3;FIBR3;KLBN11;B3SA3;HYPE3;SBSP3;EQTL3;EQTL3;SBSP3;SBSP3;B3SA3;SANB11;SANB11;RADL3;EQTL3;EMBR3;JBSS3;EQTL3;EMBR3;AMER3;AMER3;EQTL3;BRKM5;WEGE3;HYPE3;CCRO3;EQTL3;SANB11;RADL3;GGBR4;BRKM5;JBSS3;WEGE3;CIEL3;EQTL3;EQTL3;GGBR4;GGBR4;PCAR3;GGBR4;CCRO3;WEGE3;RADL3;CCRO3;EQTL3;UGPA3;HAPV3;RADL3;RAIL3;BBSE3;CCRO3;UGPA3;UGPA3;AMER3;RAIL3;RADL3;EQTL3;AMER3;EQTL3;GGBR4;GGBR4;RAIL3;CSNA3;EQTL3;EQTL3;RADL3;BBDC3;BBDC3;BBDC3;CSAN3;NTCO3;RAIL3;VIVT3;VIVT3;VIVT3;PRIO3;RADL3;RAIL3;CSAN3;RADL3
EGIE3;YDUQ3;HYPE3;B3SA3;SBSP3;KLBN11;EQTL3;SBSP3;AMER3;HYPE3;EQTL3;SANB11;EQTL3;EQTL3;EQTL3;SBSP3;AMER3;WEGE3;SBSP3;EQTL3;HYPE3;EQTL3;WEGE3;JBSS3;EQTL3;EQTL3;SANB11;RAIL3;JBSS3;WEGE3;BRKM5;EMBR3;EMBR3;EMBR3;RENT3;BRKM5;AMER3;PCAR3;PCAR3;RADL3;RADL3;CMIG4;CCRO3;CCRO3;UGPA3;HAPV3;EQTL3;VBBR3;EQTL3;BBSE3;UGPA3;UGPA3;BRFS3;BRFS3;VIVT3;UGPA3;UGPA3;UGPA3;EQTL3;UGPA3;EQTL3;BPAC11;CSNA3;UGPA3;RAIL3;CSAN3;VIIA3;RAIL3;KLBN11;BIDI11;VIVT3;VIVT3;NTCO3;KLBN11;PRIO3;RAIL3;RDOR3;VIVT3;VBBR3;RAIL3;RAIL3
ELET3;FIBR3;RADL3;AMER3;KLBN11;EQTL3;HYPE3;HYPE3;HYPE3;AMER3;AMER3;EQTL3;HYPE3;HYPE3;SBSP3;AMER3;SANB11;PCAR3;PCAR3;PCAR3;WEGE3;WEGE3;PCAR3;CPFE3;GGBR4;WEGE3;EQTL3;HYPE3;RENT3;SANB11;PCAR3;WEGE3;WEGE3;CIEL3;RADL3;RENT3;CMIG4;WEGE3;BRKM5;EMBR3;WEGE3;WEGE3;GGBR4;AZUL4;WEGE3;CCRO3;WEGE3;EQTL3;VBBR3;GGBR4;SBSP3;AMER3;AMER3;SBSP3;UGPA3;VIVT3;VIVT3;GGBR4;UGPA3;BBSE3;BPAC11;EQTL3;AMER3;EQTL3;UGPA3;RAIL3;EQTL3;EQTL3;CSNA3;BRFS3;PRIO3;RAIL3;KLBN11;PRIO3;RAIL3;NTCO3;RAIL3;RAIL3;VIVT3;PRIO3;VBBR3
EMBR3;GGBR4;AMER3;WEGE3;WEGE3;SBSP3;AMER3;AMER3;SBSP3;EQTL3;HYPE3;SBSP3;SBSP3;SBSP3;GGBR4;SANB11;PCAR3;EQTL3;WEGE3;BRML3;BRML3;BRML3;FIBR3;EMBR3;SANB11;BRKM5;HYPE3;RENT3;EQTL3;RENT3;WEGE3;SANB11;PCAR3;SANB11;WEGE3;AMER3;COGN3;EMBR3;CMIG4;BRKM5;CMIG4;EMBR3;PCAR3;SBSP3;SANB11;WEGE3;SBSP3;CCRO3;CCRO3;SBSP3;VBBR3;HYPE3;VBBR3;AMER3;SBSP3;BPAC11;GGBR4;AMER3;BPAC11;AMER3;AMER3;KLBN11;UGPA3;KLBN11;KLBN11;KLBN11;KLBN11;KLBN11;RAIL3;RDOR3;RAIL3;KLBN11;MGLU3;MGLU3;NTCO3;PRIO3;ENEV3;ENEV3;PRIO3;BBSE3;PRIO3
ENBR3;GOAU4;SBSP3;SBSP3;EQTL3;WEGE3;EGIE3;WEGE3;WEGE3;WEGE3;SANB11;HYPE3;GGBR4;GGBR4;HYPE3;WEGE3;WEGE3;BRML3;JBSS3;HYPE3;PCAR3;PCAR3;AMER3;SBSP3;PCAR3;SANB11;WEGE3;JBSS3;AMER3;KLBN11;KLBN11;PCAR3;SANB11;PCAR3;EQTL3;WEGE3;WEGE3;AMER3;EMBR3;WEGE3;EMBR3;IRBR3;CMIG4;SANB11;SBSP3;COGN3;CCRO3;SBSP3;SBSP3;VBBR3;AMER3;BRFS3;CCRO3;BBSE3;BBSE3;SBSP3;BPAC11;VIVT3;VIVT3;BPAC11;CSNA3;CSNA3;EQTL3;BRFS3;VIIA3;ENEV3;RAIL3;BRFS3;ENEV3;ENEV3;KLBN11;BIDI11;BRFS3;RAIL3;BRFS3;KLBN11;BBSE3;KLBN11;ENEV3;VBBR3;BBSE3
EQTL3;HGTX3;EQTL3;EQTL3;AMER3;AMER3;WEGE3;KLBN11;SANB11;SANB11;WEGE3;WEGE3;BRKM5;WEGE3;WEGE3;PCAR3;SBSP3;AMER3;BRML3;WEGE3;SBSP3;BRKM5;JBSS3;SANB11;SBSP3;FIBR3;SBSP3;CCRO3;CCRO3;EQTL3;RENT3;RENT3;KLBN11;KLBN11;BRKM5;PCAR3;CCRO3;BRKM5;RADL3;CMIG4;SBSP3;GGBR4;SBSP3;PCAR3;AZUL4;SANB11;SANB11;GGBR4;GGBR4;CCRO3;CCRO3;VBBR3;SBSP3;CCRO3;BRFS3;BBSE3;BBSE3;BPAC11;AMER3;VIVT3;BBSE3;AMER3;VIIA3;VIVT3;VIVT3;BRFS3;BRFS3;VIIA3;VIVT3;RAIL3;RDOR3;ENEV3;EMBR3;BRFS3;KLBN11;MGLU3;KLBN11;BBSE3;BBSE3;VIVT3;VIVT3
FIBR3;HYPE3;WEGE3;PCAR3;EGIE3;FIBR3;BRML3;EGIE3;KLBN11;PCAR3;GGBR4;PCAR3;AMER3;PCAR3;PCAR3;GGBR4;BRKM5;SBSP3;SANB11;AMER3;SANB11;SBSP3;EMBR3;GGBR4;BRKM5;SBSP3;RENT3;WEGE3;WEGE3;BRKM5;EQTL3;AMER3;EQTL3;EQTL3;AMER3;RADL3;BRKM5;CMIG4;WEGE3;CCRO3;CCRO3;SBSP3;MGLU3;EMBR3;COGN3;SBSP3;AZUL4;AZUL4;AZUL4;AMER3;GGBR4;TIMS3;SULA11;VBBR3;CCRO3;GGBR4;SBSP3;BBSE3;BBSE3;BRFS3;VIVT3;VIVT3;VIVT3;VIIA3;AMER3;UGPA3;ENEV3;ENEV3;TOTS3;KLBN11;BIDI11;PRIO3;ENEV3;NTCO3;MGLU3;AMER3;TOTS3;CMIG4;KLBN11;BRFS3;BRFS3
GGBR4;ITSA4;EGIE3;EGIE3;PCAR3;EGIE3;KLBN11;BRML3;EGIE3;EGIE3;PCAR3;AMER3;WEGE3;AMER3;CMIG4;CMIG4;CPFE3;SANB11;AMER3;BRKM5;BRKM5;GGBR4;SANB11;PCAR3;AMER3;RENT3;BRKM5;AMER3;TIMS3;AMER3;HYPE3;EQTL3;HYPE3;RENT3;PCAR3;CCRO3;PCAR3;RADL3;AMER3;SBSP3;BRKM5;PCAR3;EMBR3;GGBR4;CMIG4;AZUL4;COGN3;SANB11;AMER3;AZUL4;COGN3;SANB11;GGBR4;VIIA3;GGBR4;COGN3;KLBN11;SBSP3;KLBN11;AMER3;BRFS3;HAPV3;ENEV3;ENEV3;ENEV3;VIIA3;UGPA3;AMER3;BRFS3;PRIO3;BRFS3;AMER3;AMER3;AMER3;AMER3;BRFS3;CMIG4;BRFS3;HYPE3;HYPE3;CMIG4
GOAU4;ITUB4;BRKM5;BRML3;BRML3;SANB11;SANB11;SANB11;PCAR3;CPFE3;EGIE3;CPFE3;PCAR3;BRKM5;AMER3;CPFE3;TIMS3;BRKM5;BRKM5;SANB11;GGBR4;SANB11;GGBR4;FIBR3;RENT3;PCAR3;AMER3;BRKM5;HYPE3;PCAR3;CCRO3;CCRO3;RENT3;HYPE3;CCRO3;HYPE3;RADL3;SBSP3;CIEL3;MGLU3;MGLU3;MGLU3;AZUL4;CMIG4;PCAR3;HYPE3;AMER3;COGN3;SANB11;SULA11;VIIA3;PCAR3;NTCO3;GGBR4;VBBR3;BRFS3;BRFS3;KLBN11;SBSP3;KLBN11;HAPV3;BBSE3;BRFS3;AMER3;BRFS3;HAPV3;HAPV3;BIDI11;BIDI11;VIVT3;ENEV3;TOTS3;PRIO3;CSNA3;ENEV3;TOTS3;NTCO3;SBSP3;BRFS3;CMIG4;HYPE3
GOLL4;JBSS3;PCAR3;FIBR3;CSNA3;BRML3;PCAR3;PCAR3;GGBR4;GGBR4;CMIG4;KLBN11;CPFE3;CPFE3;BRKM5;BRKM5;GGBR4;FIBR3;GGBR4;GGBR4;FIBR3;RAIL3;BRML3;AMER3;FIBR3;AMER3;TIMS3;SBSP3;PCAR3;CCRO3;SANB11;KLBN11;AMER3;AMER3;HYPE3;CMIG4;HYPE3;CIEL3;SBSP3;AMER3;EGIE3;AZUL4;IRBR3;BRML3;EMBR3;AMER3;HYPE3;AMER3;COGN3;COGN3;NTCO3;EGIE3;HYPE3;HYPE3;BPAC11;VBBR3;VBBR3;BRFS3;HAPV3;HAPV3;SANB11;ENEV3;BBSE3;BBSE3;BRAP4;VIVT3;VIVT3;UGPA3;HAPV3;CSNA3;TOTS3;BRFS3;CSNA3;UGPA3;TOTS3;ENEV3;HYPE3;HYPE3;CMIG4;KLBN11;SBSP3
GOLL4;KLBN11;SUZB3;TIMS3;FIBR3;PCAR3;CPFE3;CPFE3;BRML3;KLBN11;CPFE3;FIBR3;KLBN11;BRML3;BRML3;BRML3;BRML3;GGBR4;FIBR3;TIMS3;RENT3;FIBR3;SBSP3;BRML3;BRML3;BRML3;PCAR3;TIMS3;BRKM5;HYPE3;AMER3;HYPE3;CCRO3;TIMS3;MGLU3;MGLU3;MGLU3;HYPE3;MGLU3;EGIE3;BRML3;HYPE3;BRML3;IRBR3;HYPE3;CMIG4;GGBR4;HYPE3;BRML3;NTCO3;YDUQ3;GGBR4;HAPV3;KLBN11;HYPE3;CCRO3;CCRO3;CCRO3;BRFS3;SBSP3;KLBN11;BRFS3;HAPV3;HAPV3;HAPV3;AMER3;AMER3;HAPV3;AMER3;HAPV3;EMBR3;RDOR3;UGPA3;HAPV3;UGPA3;CSNA3;SBSP3;UGPA3;CCRO3;SBSP3;KLBN11
HGTX3;COGN3;BRML3;CMIG4;GGBR4;CPFE3;TIMS3;CMIG4;CPFE3;BRML3;BRML3;CSNA3;FIBR3;KLBN11;CPFE3;TIMS3;CMIG4;TIMS3;TIMS3;RENT3;TIMS3;RENT3;KLBN11;RENT3;YDUQ3;TIMS3;YDUQ3;YDUQ3;SBSP3;TIMS3;TIMS3;TIMS3;TIMS3;CCRO3;CMIG4;BRML3;BRML3;BRML3;BRML3;CIEL3;AMER3;AMER3;HYPE3;EGIE3;GGBR4;GGBR4;CMIG4;BPAC11;BPAC11;VIIA3;SULA11;KLBN11;KLBN11;SULA11;HAPV3;HYPE3;HAPV3;HAPV3;TOTS3;CSNA3;AMER3;AMER3;AMER3;PRIO3;BBSE3;TOTS3;TOTS3;VIVT3;VIIA3;EMBR3;AMER3;UGPA3;BRKM5;ENEV3;BBSE3;BBSE3;BRFS3;ELET3;SBSP3;CCRO3;CCRO3
HYPE3;AMER3;TIMS3;BRKM5;BRKM5;TIMS3;CMIG4;CSNA3;CMIG4;CMIG4;KLBN11;BRKM5;BRML3;EGIE3;TIMS3;EGIE3;KLBN11;KLBN11;KLBN11;RAIL3;YDUQ3;YDUQ3;TIMS3;TIMS3;TIMS3;YDUQ3;BRML3;PCAR3;KLBN11;SBSP3;BRML3;MGLU3;MGLU3;MGLU3;KLBN11;CIEL3;CIEL3;MGLU3;HYPE3;BRML3;HYPE3;EGIE3;AMER3;HYPE3;AMER3;EMBR3;PCAR3;BRML3;YDUQ3;BRML3;AZUL4;SULA11;PCAR3;HAPV3;KLBN11;HAPV3;HYPE3;TOTS3;CSNA3;CCRO3;CCRO3;BRAP4;TOTS3;BRAP4;PRIO3;PRIO3;BIDI11;BRAP4;EMBR3;TOTS3;CSNA3;CMIG4;CMIG4;BBSE3;CSNA3;CMIG4;MGLU3;CCRO3;UGPA3;UGPA3;TOTS3
ITSA4;LREN3;CPFE3;SANB11;SANB11;BRKM5;RENT3;TIMS3;TIMS3;BRKM5;BRKM5;EGIE3;EGIE3;FIBR3;EGIE3;KLBN11;EGIE3;RENT3;EGIE3;FIBR3;QUAL3;TIMS3;RENT3;YDUQ3;KLBN11;SUZB3;SUZB3;KLBN11;YDUQ3;BRML3;MGLU3;SBSP3;SBSP3;BRML3;BRML3;KLBN11;TIMS3;KLBN11;KLBN11;HYPE3;KLBN11;BRKM5;EGIE3;AMER3;ELET3;PCAR3;EMBR3;EMBR3;EMBR3;YDUQ3;SANB11;IRBR3;TIMS3;ENGI11;SULA11;SULA11;ELET3;HYPE3;CCRO3;SANB11;SBSP3;SANB11;BRAP4;CSAN3;TOTS3;BIDI11;BRAP4;TOTS3;BRKM5;AMER3;HAPV3;HAPV3;TOTS3;EMBR3;CMIG4;UGPA3;UGPA3;TOTS3;TOTS3;TOTS3;UGPA3
ITUB4;MRFG3;SANB11;CPFE3;CPFE3;SUZB3;FIBR3;GGBR4;BRKM5;TIMS3;TIMS3;CMIG4;CSNA3;TIMS3;CSNA3;RAIL3;RENT3;EGIE3;RENT3;QUAL3;RAIL3;KLBN11;SUZB3;KLBN11;SUZB3;FLRY3;KLBN11;BRML3;BRML3;EGIE3;FLRY3;BRML3;FLRY3;BRAP4;TIMS3;TIMS3;SBSP3;EGIE3;EGIE3;KLBN11;TIMS3;BRML3;CSNA3;ELET3;BRML3;NTCO3;BRML3;YDUQ3;HYPE3;SANB11;HYPE3;AMER3;VIIA3;TIMS3;ENGI11;ELET3;CSAN3;PCAR3;SANB11;TOTS3;BRAP4;SBSP3;AZUL4;SANB11;BRKM5;BBSE3;BBSE3;BRKM5;UGPA3;UGPA3;BRKM5;EMBR3;RDOR3;CMIG4;CCRO3;HYPE3;CCRO3;CSNA3;ASAI3;NTCO3;ASAI3
JBSS3;MRVE3;NTCO3;GGBR4;TIMS3;CSAN3;BRKM5;RENT3;RENT3;RENT3;CSNA3;TIMS3;TIMS3;CMIG4;KLBN11;FIBR3;FIBR3;QUAL3;CMIG4;KLBN11;KLBN11;QUAL3;YDUQ3;SUZB3;EGIE3;KLBN11;FLRY3;FLRY3;FLRY3;YDUQ3;SBSP3;FLRY3;BRML3;YDUQ3;SBSP3;EGIE3;KLBN11;ELET3;ELET3;CSNA3;CSNA3;CSNA3;KLBN11;CSNA3;NTCO3;BRML3;BPAC11;PCAR3;PCAR3;BPAC11;BRML3;HAPV3;SANB11;EGIE3;COGN3;KLBN11;SULA11;SULA11;HYPE3;BRAP4;HYPE3;CCRO3;PRIO3;SBSP3;CSAN3;BRAP4;BRKM5;ELET3;PRIO3;BRKM5;BBSE3;CSNA3;BBSE3;TOTS3;SBSP3;SBSP3;ELET3;NTCO3;NTCO3;ASAI3;NTCO3
KLBN11;MULT3;CMIG4;SUZB3;CMIG4;RENT3;CSAN3;CSAN3;CSAN3;CSAN3;CSAN3;BRML3;CMIG4;CSNA3;RAIL3;RENT3;RAIL3;RAIL3;QUAL3;EGIE3;EGIE3;SUZB3;QUAL3;QUAL3;QUAL3;QUAL3;CMIG4;CMIG4;CMIG4;CVCB3;YDUQ3;YDUQ3;EGIE3;SBSP3;CVCB3;CVCB3;CVCB3;YDUQ3;TIMS3;ELET3;ELET3;NTCO3;NTCO3;NTCO3;EGIE3;BPAC11;YDUQ3;CMIG4;NTCO3;CMIG4;CMIG4;NTCO3;EGIE3;CMIG4;IRBR3;CSAN3;TIMS3;ELET3;ELET3;HYPE3;CMIG4;TOTS3;HYPE3;TOTS3;SBSP3;CCRO3;ELET3;CCRO3;SANB11;CMIG4;UGPA3;BBSE3;SBSP3;BIDI11;HYPE3;CCRO3;AMER3;ASAI3;ELET6;ELET6;ELET6
LREN3;NTCO3;CSAN3;CSAN3;SUZB3;GGBR4;GGBR4;NTCO3;RAIL3;CSNA3;RENT3;CSAN3;CSAN3;CSAN3;CSAN3;CSAN3;MULT3;CMIG4;RAIL3;CMIG4;CMIG4;EGIE3;CMIG4;EGIE3;CMIG4;EGIE3;EGIE3;EGIE3;BRAP4;FLRY3;EGIE3;EGIE3;BRAP4;EGIE3;EGIE3;SBSP3;EGIE3;TIMS3;ELET6;TIMS3;CIEL3;ELET3;TIMS3;YDUQ3;ELET6;EGIE3;EGIE3;EGIE3;CMIG4;HYPE3;TIMS3;BRML3;COGN3;ELET3;PCAR3;ENGI11;TOTS3;TIMS3;SULA11;SULA11;TOTS3;HYPE3;SANB11;CCRO3;HYPE3;ELET3;PRIO3;HYPE3;BRAP4;ASAI3;CMIG4;BRKM5;HAPV3;CCRO3;EMBR3;SANB11;CSNA3;AMER3;CPLE6;EGIE3;ENGI11
MRFG3;OIBR3;MULT3;NTCO3;RENT3;MULT3;MULT3;BRKM5;NTCO3;NTCO3;FIBR3;SUZB3;SUZB3;RAIL3;FIBR3;CSNA3;CSAN3;SUZB3;SUZB3;YDUQ3;SUZB3;CMIG4;EGIE3;CMIG4;BRAP4;CMIG4;BRAP4;BRAP4;EGIE3;MGLU3;CVCB3;BRAP4;YDUQ3;CMIG4;BRAP4;YDUQ3;NTCO3;CVCB3;CVCB3;ELET6;NTCO3;KLBN11;BRKM5;TIMS3;TIMS3;ELET3;NTCO3;NTCO3;VIIA3;AMER3;BPAC11;CMIG4;IRBR3;CSAN3;TIMS3;TIMS3;ENGI11;EGIE3;ENGI11;CMIG4;ELET3;CMIG4;PCAR3;HYPE3;SANB11;HYPE3;CCRO3;PRIO3;CMIG4;ELET3;ELET3;CCRO3;BIDI11;BRKM5;BRKM5;ELET3;ASAI3;SANB11;SANB11;CPLE6;CPLE6
MRVE3;PCAR3;RENT3;RENT3;CSAN3;CMIG4;CSNA3;MULT3;CSNA3;FIBR3;RAIL3;RENT3;RENT3;RENT3;RENT3;MULT3;YDUQ3;NTCO3;CSAN3;MULT3;CSAN3;MULT3;MULT3;MULT3;CSAN3;BRAP4;QUAL3;MGLU3;MGLU3;BRAP4;BRAP4;CMIG4;CMIG4;FLRY3;YDUQ3;BRAP4;YDUQ3;ELET6;YDUQ3;YDUQ3;YDUQ3;TIMS3;ELET3;KLBN11;YDUQ3;YDUQ3;ELET3;KLBN11;EGIE3;TIMS3;EMBR3;COGN3;CSAN3;BPAC11;ELET3;CMIG4;EGIE3;ENGI11;BRAP4;AZUL4;ENGI11;AZUL4;SBSP3;AZUL4;CCRO3;CMIG4;SANB11;SANB11;HYPE3;BBSE3;CCRO3;BRAP4;CCRO3;ELET3;ELET3;ASAI3;ENGI11;BRKM5;EGIE3;ENGI11;EGIE3
MULT3;PETR3;YDUQ3;CSNA3;MULT3;CSNA3;YDUQ3;RAIL3;FIBR3;MULT3;NTCO3;RAIL3;RAIL3;ELET3;ELET3;NTCO3;NTCO3;CSAN3;MULT3;SUZB3;BRAP4;CSAN3;ELET3;BRAP4;MULT3;CSAN3;CSAN3;CSAN3;CSAN3;CMIG4;CMIG4;CVCB3;CVCB3;CVCB3;FLRY3;ELET3;BRAP4;VBBR3;NTCO3;VBBR3;ELET6;YDUQ3;YDUQ3;BRKM5;CSNA3;KLBN11;AMER3;TIMS3;TIMS3;KLBN11;KLBN11;CSAN3;CMIG4;COGN3;EGIE3;PCAR3;CMIG4;CSNA3;EGIE3;ELET3;SULA11;ENGI11;CCRO3;CMIG4;AMER3;SANB11;AZUL4;BBSE3;CCRO3;HYPE3;SANB11;SANB11;ELET3;SBSP3;BIDI11;BIDI11;CPLE6;TIMS3;CSNA3;SANB11;SANB11
NTCO3;PETR4;CSNA3;MULT3;NTCO3;NTCO3;NTCO3;FIBR3;QUAL3;RAIL3;MULT3;NTCO3;MULT3;SUZB3;MULT3;BRAP4;SUZB3;YDUQ3;BRAP4;CSAN3;MULT3;CSNA3;ELET6;CSAN3;NTCO3;CSNA3;ELET3;MULT3;MULT3;CSAN3;CSAN3;CSAN3;CSAN3;CSNA3;ELET3;NTCO3;AMER3;NTCO3;VBBR3;CVCB3;CVCB3;VBBR3;VBBR3;ELET6;KLBN11;TIMS3;KLBN11;ELET3;ELET3;EGIE3;AMER3;CRFB3;YDUQ3;PCAR3;CSAN3;EGIE3;COGN3;CMIG4;CMIG4;ENGI11;AZUL4;PCAR3;ELET3;AMER3;CMIG4;AZUL4;HYPE3;EMBR3;ELET3;CCRO3;BRAP4;ELET3;HYPE3;HYPE3;CPLE6;BRKM5;SANB11;CPLE6;TIMS3;TIMS3;TIMS3
OIBR3;QUAL3;GGBR4;MRVE3;RAIL3;RAIL3;SUZB3;YDUQ3;MULT3;YDUQ3;YDUQ3;MULT3;QUAL3;MULT3;SUZB3;SUZB3;QUAL3;MULT3;YDUQ3;BRAP4;NTCO3;NTCO3;CSAN3;ELET3;CSNA3;MULT3;ELET6;ELET3;QUAL3;NTCO3;NTCO3;QUAL3;CSNA3;CSAN3;MULT3;FLRY3;ELET3;AMER3;AMER3;NTCO3;VBBR3;ELET6;ELET6;VBBR3;AMER3;ELET6;TIMS3;AMER3;AMER3;PCAR3;EGIE3;YDUQ3;BRML3;SANB11;SANB11;SANB11;SANB11;BRAP4;TIMS3;TIMS3;TIMS3;SULA11;CMIG4;ELET3;AZUL4;BRKM5;AMER3;AZUL4;BBSE3;SANB11;ASAI3;SBSP3;SANB11;SANB11;SANB11;ENGI11;TIMS3;MGLU3;ENGI11;CSNA3;EMBR3
PCAR3;RADL3;ENBR3;YDUQ3;MRVE3;ENBR3;ENBR3;QUAL3;YDUQ3;SUZB3;QUAL3;YDUQ3;YDUQ3;YDUQ3;BRAP4;YDUQ3;CSNA3;BRAP4;NTCO3;CSNA3;CSNA3;ELET3;BRAP4;NTCO3;ELET3;NTCO3;USIM5;ELET6;NTCO3;QUAL3;QUAL3;CSNA3;MULT3;MULT3;ELET6;ELET6;MULT3;CSAN3;CSNA3;AMER3;CSAN3;CVCB3;CIEL3;CIEL3;CIEL3;AMER3;ELET6;VIIA3;KLBN11;EMBR3;HAPV3;ELET3;BPAC11;YDUQ3;CMIG4;TOTS3;PCAR3;SANB11;PCAR3;EGIE3;PCAR3;EGIE3;ENGI11;ASAI3;ELET3;SBSP3;EMBR3;CMIG4;SBSP3;SBSP3;SBSP3;ENGI11;ENGI11;CPLE6;ENGI11;CPLE6;EGIE3;EGIE3;BRKM5;BRKM5;CSNA3
PETR3;RENT3;MRVE3;QUAL3;QUAL3;QUAL3;RAIL3;ENBR3;ENBR3;QUAL3;SUZB3;QUAL3;NTCO3;BRAP4;YDUQ3;ELET3;ELET3;CSNA3;CSNA3;NTCO3;ELET6;BRAP4;NTCO3;ELET6;ELET6;USIM5;CSNA3;USIM5;USIM5;MULT3;MULT3;MULT3;NTCO3;NTCO3;AMER3;AMER3;ELET6;FLRY3;CSAN3;BRAP4;BRAP4;CIEL3;CVCB3;CSAN3;CVCB3;VIIA3;CSAN3;CSAN3;CSAN3;HAPV3;PCAR3;BPAC11;ELET3;BRML3;YDUQ3;YDUQ3;BRAP4;COGN3;QUAL3;PCAR3;EGIE3;TIMS3;CSAN3;ENGI11;ASAI3;EMBR3;CMIG4;SBSP3;AZUL4;BRAP4;HYPE3;HYPE3;TIMS3;ENGI11;TIMS3;EMBR3;BRKM5;ENGI11;EMBR3;AMER3;BRKM5
PETR4;RAIL3;QUAL3;ENBR3;YDUQ3;YDUQ3;QUAL3;SUZB3;SUZB3;CPLE6;CPLE6;GOAU4;BRAP4;NTCO3;QUAL3;QUAL3;MRVE3;ELET6;ELET6;MRVE3;ELET3;ELET6;CSNA3;USIM5;USIM5;MGLU3;MULT3;QUAL3;CSNA3;CSNA3;CSNA3;NTCO3;GOAU4;AMER3;CSNA3;MULT3;FLRY3;MULT3;MULT3;CSAN3;FLRY3;CSAN3;BRAP4;MULT3;CSAN3;CIEL3;CIEL3;CIEL3;CIEL3;ELET3;CSAN3;EMBR3;TOTS3;TOTS3;TOTS3;IRBR3;CSNA3;IRBR3;CSAN3;CSAN3;IRBR3;ELET3;TIMS3;BRKM5;USIM5;AMER3;SBSP3;ENGI11;ENGI11;VIIA3;VIIA3;TIMS3;ASAI3;TIMS3;ASAI3;TIMS3;EMBR3;ELET6;TAEE11;TAEE11;MGLU3
QUAL3;SANB11;AURE3;AURE3;ENBR3;MRVE3;CPLE6;MRVE3;CPLE6;ENBR3;ENBR3;BRAP4;ENBR3;QUAL3;NTCO3;MRVE3;BRAP4;MRVE3;MRVE3;ELET6;GOLL4;ENBR3;GOLL4;CSNA3;GOLL4;ELET3;MGLU3;NTCO3;ELET6;USIM5;AMER3;AMER3;QUAL3;GOAU4;NTCO3;CSNA3;CSNA3;CSNA3;BRAP4;MULT3;MULT3;BRAP4;MULT3;CVCB3;BRKM5;BRKM5;VIIA3;FLRY3;FLRY3;CSAN3;ELET3;QUAL3;CRFB3;BRKM5;BRML3;BRAP4;IRBR3;QUAL3;COGN3;QUAL3;QUAL3;YDUQ3;EGIE3;EGIE3;ENGI11;ENGI11;LWSA3;LWSA3;LWSA3;AZUL4;EGIE3;ASAI3;CPLE6;EGIE3;EGIE3;EGIE3;TAEE11;RRRP3;AMER3;EMBR3;TAEE11
RADL3;SBSP3;CPLE6;CPLE6;CPLE6;CPLE6;MRVE3;CPLE6;MRVE3;MRVE3;MRVE3;ENBR3;MRVE3;MRVE3;MRVE3;GOLL4;GOLL4;GOLL4;GOLL4;GOLL4;MRVE3;GOLL4;USIM5;GOLL4;MRVE3;ELET6;NTCO3;CSNA3;ELET3;AMER3;ENBR3;USIM5;ELET3;TAEE11;USIM5;CSAN3;TAEE11;BRAP4;FLRY3;FLRY3;AMER3;MULT3;CSAN3;FLRY3;FLRY3;CSNA3;MULT3;CSNA3;CSNA3;QUAL3;TOTS3;BRAP4;QUAL3;IRBR3;BRAP4;ELET6;ELET6;CSAN3;FLRY3;YDUQ3;YDUQ3;CSAN3;SULA11;EMBR3;EMBR3;LWSA3;ENGI11;USIM5;TIMS3;CPLE6;ENGI11;EGIE3;EGIE3;ASAI3;SULA11;SULA11;ELET6;EMBR3;LCAM3;MGLU3;AMER3
RAIL3;GOLL4;MRFG3;CYRE3;AURE3;CYRE3;GOLL4;GOLL4;GOLL4;GOLL4;GOLL4;MRVE3;GOAU4;GOAU4;GOLL4;ENBR3;CYRE3;ELET3;ENBR3;ELET3;ENBR3;TAEE11;ENBR3;ENBR3;ENBR3;GOLL4;GOLL4;MRVE3;GOAU4;GOAU4;USIM5;GOAU4;AMER3;USIM5;CSAN3;TAEE11;CSAN3;TAEE11;ENBR3;TAEE11;TAEE11;FLRY3;FLRY3;BRAP4;MULT3;CSAN3;FLRY3;QUAL3;MULT3;TOTS3;QUAL3;TOTS3;FLRY3;BRAP4;QUAL3;CRFB3;QUAL3;YDUQ3;IRBR3;COGN3;CSAN3;PRIO3;YDUQ3;SULA11;EGIE3;ELET6;ELET6;ELET6;EGIE3;ENGI11;CPLE6;CPLE6;VIIA3;AZUL4;TAEE11;TAEE11;BIDI11;TAEE11;RRRP3;CRFB3;CRFB3
RENT3;SUZB3;CYRE3;MRFG3;CYRE3;GOLL4;CYRE3;CYRE3;CYRE3;CYRE3;BRAP4;CPLE6;CPLE6;ENBR3;CPLE6;CYRE3;ENBR3;ENBR3;ELET3;ENBR3;GOAU4;USIM5;TAEE11;TAEE11;TAEE11;MRVE3;GOAU4;VVAR11;MRVE3;MRVE3;GOAU4;ELET3;ELET6;ELET6;TAEE11;USIM5;USIM5;USIM5;TAEE11;ENBR3;ENBR3;ENBR3;TAEE11;CYRE3;QUAL3;CVCB3;CSNA3;ELET6;ELET6;FLRY3;FLRY3;FLRY3;BRAP4;ELET6;ELET6;BRML3;YDUQ3;FLRY3;ELET6;BRML3;PRIO3;IRBR3;EMBR3;TIMS3;GOAU4;EGIE3;EGIE3;GOAU4;USIM5;EGIE3;TIMS3;VIIA3;MRFG3;ELET6;AZUL4;CRFB3;RRRP3;GOAU4;MGLU3;GOAU4;SULA11
SANB11;EGIE3;HGTX3;GOLL4;GOLL4;MRFG3;AURE3;AURE3;AURE3;BRAP4;GOAU4;GOLL4;GOLL4;CPLE6;GOAU4;CPLE6;CPLE6;CPLE6;GOAU4;GOAU4;CYRE3;MRVE3;MRVE3;MRVE3;GOAU4;ENBR3;MRVE3;GOAU4;GOLL4;ELET3;TAEE11;ELET6;USIM5;ELET3;GOAU4;ENBR3;ENBR3;ENBR3;USIM5;USIM5;USIM5;TAEE11;ENBR3;AMER3;CYRE3;FLRY3;CVCB3;MULT3;BRAP4;MULT3;MULT3;VIIA3;EMBR3;FLRY3;CRFB3;CSNA3;BRML3;CRFB3;AZUL4;IRBR3;ELET6;QUAL3;QUAL3;GOAU4;SULA11;GOAU4;SULA11;EGIE3;ELET6;TIMS3;GOAU4;MRFG3;ELET6;LCAM3;LCAM3;ELET6;CRFB3;LCAM3;GOAU4;MULT3;GOAU4
SBSP3;TIMS3;GOLL4;HGTX3;MRFG3;AURE3;MRFG3;BRAP4;BRAP4;GOAU4;CYRE3;MRFG3;CYRE3;CYRE3;CYRE3;GOAU4;GOAU4;CYRE3;MRFG3;CYRE3;USIM5;CYRE3;CYRE3;CYRE3;CYRE3;GOAU4;ENBR3;GOLL4;ENBR3;ENBR3;MRVE3;ENBR3;ENBR3;QUAL3;ENBR3;GOAU4;GOAU4;CYRE3;CYRE3;CYRE3;CYRE3;AMER3;MRVE3;TAEE11;BRAP4;MULT3;BRKM5;BRAP4;QUAL3;ELET6;ELET6;AZUL4;ELET6;CRFB3;FLRY3;QUAL3;FLRY3;AZUL4;CRFB3;FLRY3;COGN3;LCAM3;USIM5;CPLE6;TIMS3;USIM5;YDUQ3;LCAM3;GOAU4;ELET6;MRFG3;TAEE11;TAEE11;TAEE11;ELET6;LCAM3;GOAU4;CRFB3;CRFB3;BRML3;BRML3
SUZB3;UGPA3;ECOR3;GOAU4;BRAP4;ECOR3;BRAP4;MRFG3;GOAU4;MRFG3;USIM5;CYRE3;MRFG3;GOLL4;ENBR3;USIM5;MRFG3;GOAU4;CYRE3;CPLE6;CPLE6;GOAU4;GOAU4;GOAU4;MRFG3;SAPR11;TAEE11;SAPR11;VVAR11;ELET6;MRFG3;MRVE3;MRVE3;ENBR3;MRVE3;CYRE3;CYRE3;GOAU4;GOAU4;MRVE3;MRVE3;MRVE3;AMER3;MRVE3;TAEE11;BRAP4;QUAL3;BRKM5;BRKM5;CRFB3;CYRE3;ELET6;TAEE11;QUAL3;CSNA3;FLRY3;CRFB3;ELET6;YDUQ3;ELET6;BRML3;CPLE6;BRKM5;CRFB3;YDUQ3;YDUQ3;USIM5;TIMS3;SULA11;LWSA3;ELET6;ELET6;GOAU4;USIM5;BRML3;GOAU4;SULA11;SULA11;BRAP4;SULA11;MULT3
TIMS3;USIM5;BRAP4;BRAP4;HGTX3;BRAP4;ECOR3;USIM5;MRFG3;USIM5;MRFG3;USIM5;USIM5;USIM5;USIM5;MRFG3;USIM5;MRFG3;CPLE6;MRFG3;MRFG3;CPLE6;CPLE6;MRFG3;CPLE6;VVAR11;CYRE3;TAEE11;SAPR11;TAEE11;ELET3;TAEE11;TAEE11;MRVE3;CYRE3;MRVE3;MRVE3;MRVE3;MRVE3;GOAU4;QUAL3;QUAL3;QUAL3;ENBR3;MRVE3;QUAL3;BRAP4;CYRE3;CYRE3;CSNA3;CRFB3;MULT3;MULT3;TAEE11;AZUL4;CYRE3;MRFG3;BRML3;BRML3;CYRE3;FLRY3;COGN3;ELET6;QUAL3;TAEE11;SULA11;GOAU4;YDUQ3;TAEE11;ALPA4;LWSA3;AZUL4;AZUL4;GOAU4;MRFG3;RRRP3;LCAM3;BIDI11;BRML3;RRRP3;RRRP3
UGPA3;VALE3;OIBR3;ECOR3;GOAU4;GOAU4;GOAU4;GOAU4;USIM5;ECOR3;ECOR3;ECOR3;ECOR3;MRFG3;MRFG3;ECOR3;ECOR3;USIM5;USIM5;USIM5;ECOR3;MRFG3;MRFG3;CPLE6;ECOR3;TAEE11;VVAR11;ENBR3;TAEE11;SAPR11;ELET6;MRFG3;GOLL4;CYRE3;QUAL3;JPSA3;JPSA3;JPSA3;QUAL3;QUAL3;GOAU4;CYRE3;CYRE3;GOLL4;ENBR3;CYRE3;CYRE3;TAEE11;TAEE11;CYRE3;BRAP4;TAEE11;BRKM5;CSNA3;CYRE3;AZUL4;AZUL4;CYRE3;GOAU4;CRFB3;CYRE3;BRML3;FLRY3;USIM5;ELET6;TIMS3;TIMS3;BRML3;LCAM3;MRFG3;AZUL4;LCAM3;USIM5;CMIN3;CRFB3;BRAP4;BRML3;BRAP4;SULA11;CPFE3;CPFE3
USIM5;VALE5;GOAU4;USIM5;ECOR3;USIM5;USIM5;ECOR3;ECOR3;;;;;ECOR3;ECOR3;;;ECOR3;ECOR3;ECOR3;;ECOR3;ECOR3;ECOR3;CPFE3;JPSA3;SAPR11;CYRE3;CYRE3;GOLL4;SAPR11;GOLL4;SAPR11;GOLL4;JPSA3;QUAL3;GOLL4;QUAL3;JPSA3;GOLL4;JPSA3;USIM5;USIM5;QUAL3;GOLL4;TAEE11;TAEE11;CVCB3;CVCB3;BRKM5;CSNA3;CIEL3;CSNA3;MULT3;TAEE11;TAEE11;CYRE3;GOAU4;CYRE3;TAEE11;GOAU4;FLRY3;GOAU4;BRML3;CRFB3;BRML3;LCAM3;SULA11;YDUQ3;GOAU4;TAEE11;GOAU4;LCAM3;BRML3;USIM5;AZUL4;BRAP4;BRML3;MULT3;BRAP4;CIEL3
VALE3;VIVT3;RAIL3;OIBR3;USIM5;;;;;;;;;;;;;;;;;;;;;CYRE3;JPSA3;JPSA3;MRFG3;MRFG3;GOLL4;SAPR11;JPSA3;JPSA3;CPLE6;CPLE6;QUAL3;GOLL4;GOLL4;JPSA3;GOLL4;GOAU4;GOLL4;USIM5;JPSA3;ENBR3;ENBR3;ENBR3;ENBR3;BRAP4;CIEL3;ENBR3;AZUL4;CPFE3;EMBR3;BRKM5;TAEE11;TAEE11;TAEE11;GOAU4;USIM5;CRFB3;LCAM3;TAEE11;LCAM3;CRFB3;BRML3;TAEE11;MRFG3;USIM5;USIM5;SULA11;SULA11;MRFG3;BRAP4;BRML3;AZUL4;AZUL4;CPFE3;SOMA3;SOMA3
VALE5;WEGE3;USIM5;RAIL3;OIBR3;;;;;;;;;;;;;;;;;;;;;MRFG3;CPLE6;CPLE6;JPSA3;VVAR11;JPSA3;VVAR11;CYRE3;VVAR11;MRFG3;GOLL4;CPLE6;GOLL4;GOLL4;GOLL4;MRFG3;GOLL4;GOAU4;JPSA3;USIM5;MRVE3;MRVE3;MRVE3;MRVE3;CIEL3;BRKM5;BRKM5;MRFG3;MRFG3;BRKM5;MRFG3;GOAU4;MRFG3;BRKM5;USIM5;CRFB3;GOAU4;CRFB3;YDUQ3;BRML3;LCAM3;COGN3;ASAI3;BRML3;TAEE11;SULA11;USIM5;BRML3;RRRP3;GOAU4;MRFG3;CPFE3;MULT3;ENBR3;ENBR3;BRAP4
VIVT3;;;;;;;;;;;;;;;;;;;;;;;;;CPLE6;MRFG3;MRFG3;CPLE6;CYRE3;VVAR11;JPSA3;VVAR11;MRFG3;GOLL4;MRFG3;GOLL4;MRFG3;ECOR3;MRFG3;GOLL4;JPSA3;JPSA3;GOAU4;VIIA3;GOLL4;GOLL4;GOAU4;GOAU4;TAEE11;TAEE11;CSNA3;ENBR3;ENBR3;MULT3;EMBR3;MULT3;MULT3;USIM5;PRIO3;TAEE11;CYRE3;CPLE6;ELET6;CPLE6;TAEE11;CRFB3;CRFB3;ASAI3;LCAM3;ALPA4;BRML3;BRAP4;SULA11;CMIN3;SOMA3;MRFG3;CPFE3;USIM5;CIEL3;ENBR3
YDUQ3;;;;;;;;;;;;;;;;;;;;;;;;;ECOR3;ECOR3;ECOR3;ECOR3;JPSA3;CYRE3;CYRE3;MRFG3;CPLE6;VVAR11;GOLL4;MRFG3;VIIA3;MRFG3;ECOR3;ECOR3;GOLL4;MRFG3;VIIA3;GOAU4;MRFG3;MRFG3;GOLL4;GOLL4;GOAU4;ENBR3;CYRE3;CIEL3;EMBR3;MRFG3;MULT3;BRKM5;BRKM5;CPFE3;MULT3;MULT3;ELET6;IRBR3;LCAM3;FLRY3;QUAL3;QUAL3;QUAL3;CRFB3;YDUQ3;CRFB3;ALPA4;CRFB3;VIIA3;YDUQ3;USIM5;MULT3;USIM5;CMIN3;FLRY3;FLRY3
;;;;;;;;;;;;;;;;;;;;;;;;;CPFE3;CPFE3;CPFE3;CPFE3;CPLE6;CPLE6;CPLE6;CPLE6;GOLL4;GOLL4;VIIA3;ECOR3;ECOR3;VIIA3;VIIA3;VIIA3;MRFG3;VIIA3;MRFG3;MRFG3;USIM5;JPSA3;USIM5;USIM5;ENBR3;MRVE3;MRFG3;MRVE3;CYRE3;MRVE3;MRVE3;EMBR3;CPFE3;MULT3;BRKM5;EMBR3;USIM5;BRML3;FLRY3;IRBR3;FLRY3;TAEE11;MRFG3;FLRY3;SULA11;LCAM3;CRFB3;YDUQ3;SOMA3;SOMA3;CMIN3;SOMA3;SOMA3;SOMA3;USIM5;YDUQ3
;;;;;;;;;;;;;;;;;;;;;;;;;;;;;GOLL4;ECOR3;GOLL4;GOLL4;ECOR3;ECOR3;ECOR3;VIIA3;LOGG3;LOGG3;LOGG3;LOGG3;VIIA3;GOLL4;ECOR3;ECOR3;JPSA3;GOAU4;MRFG3;JPSA3;MRVE3;GOAU4;MRVE3;CYRE3;AZUL4;CPFE3;ENBR3;MRVE3;ENBR3;MRVE3;EMBR3;BRKM5;TAEE11;COGN3;IRBR3;QUAL3;COGN3;FLRY3;FLRY3;IRBR3;SOMA3;YDUQ3;LWSA3;ALPA4;BRAP4;RRRP3;MULT3;USIM5;SLCE3;SLCE3;MRFG3;COGN3
;;;;;;;;;;;;;;;;;;;;;;;;;;;;;ECOR3;GOLL4;ECOR3;ECOR3;;;;LOGG3;;;;;ECOR3;ECOR3;GOLL4;GOLL4;GOAU4;USIM5;JPSA3;MRFG3;CVCB3;MRFG3;JPSA3;GOAU4;MRVE3;CIEL3;CIEL3;CIEL3;USIM5;MRFG3;MRVE3;CPFE3;EMBR3;CYRE3;COGN3;COGN3;ASAI3;ASAI3;IRBR3;QUAL3;CRFB3;IRBR3;YDUQ3;LWSA3;CRFB3;VIIA3;VIIA3;CMIN3;CMIN3;MRFG3;ALPA4;AZUL4
;;;;;;;;;;;;;;;;;;;;;;;;;;;;;CPFE3;CPFE3;CPFE3;CPFE3;;;;;;;;;;;;;ECOR3;ECOR3;ECOR3;ECOR3;USIM5;JPSA3;GOAU4;JPSA3;CIEL3;ENBR3;CPFE3;ENBR3;MRVE3;ENBR3;CPFE3;ENBR3;BRKM5;TAEE11;CYRE3;MRFG3;IRBR3;IRBR3;COGN3;COGN3;BRML3;BRML3;SOMA3;FLRY3;YDUQ3;MULT3;YDUQ3;ENBR3;MRFG3;CIEL3;SLCE3;VIIA3
;;;;;;;;;;;;;;;;;;;;;;;;;;;;;;;;;;;;;;;;;;;;;GOLL4;GOLL4;GOLL4;GOLL4;GOLL4;USIM5;USIM5;USIM5;GOAU4;GOAU4;GOAU4;USIM5;PRIO3;EMBR3;ENBR3;MRVE3;MULT3;CPFE3;MULT3;CYRE3;MRFG3;MRFG3;AMER3;CYRE3;FLRY3;SOMA3;FLRY3;SOMA3;FLRY3;CPFE3;CPFE3;YDUQ3;VIIA3;FLRY3;COGN3;USIM5
;;;;;;;;;;;;;;;;;;;;;;;;;;;;;;;;;;;;;;;;;;;;;;;;;JPSA3;CVCB3;HGTX3;CVCB3;BEEF3;USIM5;USIM5;CPFE3;EMBR3;PRIO3;MRFG3;MRFG3;CPFE3;MULT3;MRFG3;MULT3;CYRE3;CYRE3;CYRE3;CPFE3;PETZ3;FLRY3;MULT3;MULT3;MULT3;FLRY3;ALPA4;VIIA3;ENBR3;AZUL4;YDUQ3;MRFG3
;;;;;;;;;;;;;;;;;;;;;;;;;;;;;;;;;;;;;;;;;;;;;;;;;MRFG3;GOLL4;CVCB3;HGTX3;USIM5;BEEF3;CVCB3;BEEF3;CIEL3;CIEL3;CIEL3;CIEL3;MRVE3;MRFG3;CPFE3;PCAR3;MULT3;CVCB3;MULT3;MULT3;IRBR3;MULT3;IRBR3;AMER3;CPFE3;PETZ3;PETZ3;PETZ3;YDUQ3;YDUQ3;VIIA3;CMIN3
;;;;;;;;;;;;;;;;;;;;;;;;;;;;;;;;;;;;;;;;;;;;;;;;;HGTX3;HGTX3;ECOR3;ECOR3;JPSA3;JPSA3;BEEF3;CVCB3;EZTC3;EZTC3;EZTC3;EZTC3;ENBR3;MRVE3;MRVE3;CPFE3;PCAR3;PCAR3;CVCB3;AMER3;QUAL3;QUAL3;DXCO3;CPFE3;PETZ3;ENBR3;ENBR3;COGN3;COGN3;ALPA4;CMIN3;CYRE3
;;;;;;;;;;;;;;;;;;;;;;;;;;;;;;;;;;;;;;;;;;;;;;;;;ECOR3;ECOR3;GOLL4;GOLL4;ECOR3;CVCB3;JPSA3;JPSA3;BEEF3;BEEF3;JPSA3;GOLL4;MRFG3;ENBR3;PCAR3;MRVE3;CPFE3;MULT3;PCAR3;CVCB3;BPAN4;PETZ3;ENBR3;IRBR3;ENBR3;LWSA3;COGN3;FLRY3;FLRY3;COGN3;AZUL4;SLCE3
;;;;;;;;;;;;;;;;;;;;;;;;;;;;;;;;;;;;;;;;;;;;;;;;;GOLL4;GOLL4;GOLL4;GOLL4;CVCB3;GOLL4;GOLL4;GOLL4;JPSA3;JPSA3;GOLL4;JPSA3;CIEL3;CIEL3;ENBR3;ENBR3;MRVE3;CPFE3;CPFE3;HGTX3;MULT3;CPFE3;CPFE3;PETZ3;QUAL3;CYRE3;CYRE3;ALPA4;CIEL3;BEEF3;CYRE3;ALPA4
;;;;;;;;;;;;;;;;;;;;;;;;;;;;;;;;;;;;;;;;;;;;;;;;;;;;;HGTX3;ECOR3;ECOR3;HGTX3;CVCB3;GOLL4;CVCB3;CVCB3;EZTC3;GOLL4;CIEL3;CVCB3;CVCB3;MRVE3;HGTX3;PCAR3;CPFE3;BPAN4;AMER3;ENBR3;CYRE3;COGN3;FLRY3;CIEL3;ALPA4;PETZ3;IGTI11;IGTI11
;;;;;;;;;;;;;;;;;;;;;;;;;;;;;;;;;;;;;;;;;;;;;;;;;;;;;GOLL4;HGTX3;HGTX3;ECOR3;GOLL4;HGTX3;BEEF3;BEEF3;GOLL4;EZTC3;CVCB3;CIEL3;CIEL3;HGTX3;MRVE3;ENBR3;COGN3;COGN3;PETZ3;QUAL3;ALPA4;ALPA4;LWSA3;CYRE3;PETZ3;CYRE3;BEEF3;LWSA3
;;;;;;;;;;;;;;;;;;;;;;;;;;;;;;;;;;;;;;;;;;;;;;;;;;;;;;;;;HGTX3;CVCB3;HGTX3;ECOR3;CVCB3;CVCB3;JPSA3;HGTX3;ENBR3;GOLL4;ENBR3;MRVE3;CVCB3;ENBR3;QUAL3;DXCO3;COGN3;DXCO3;QUAL3;QUAL3;CYRE3;VIIA3;PETZ3;PETZ3
;;;;;;;;;;;;;;;;;;;;;;;;;;;;;;;;;;;;;;;;;;;;;;;;;;;;;;;;;ECOR3;ECOR3;ECOR3;HGTX3;JPSA3;JPSA3;EZTC3;GOLL4;HGTX3;ENBR3;GOLL4;CPLE6;CYRE3;DXCO3;COGN3;COGN3;DXCO3;IRBR3;IRBR3;DXCO3;BEEF3;IGTI11;LWSA3;MRVE3
;;;;;;;;;;;;;;;;;;;;;;;;;;;;;;;;;;;;;;;;;;;;;;;;;;;;;;;;;;;;;BEEF3;BEEF3;GOLL4;JPSA3;JPSA3;CIEL3;ECOR3;GOLL4;DXCO3;AMER3;BPAN4;CYRE3;IRBR3;QUAL3;DXCO3;IGTI11;IGTI11;QUAL3;DXCO3;BEEF3
;;;;;;;;;;;;;;;;;;;;;;;;;;;;;;;;;;;;;;;;;;;;;;;;;;;;;;;;;;;;;HGTX3;HGTX3;BEEF3;EZTC3;GOLL4;CPLE6;CIEL3;ECOR3;ENBR3;CYRE3;CYRE3;BPAN4;LWSA3;PCAR3;PCAR3;IRBR3;IRBR3;DXCO3;QUAL3;DXCO3
;;;;;;;;;;;;;;;;;;;;;;;;;;;;;;;;;;;;;;;;;;;;;;;;;;;;;;;;;;;;;ECOR3;ECOR3;HGTX3;BEEF3;CPLE6;JPSA3;JPSA3;CIEL3;AMER3;PCAR3;PCAR3;MRVE3;MRVE3;MRVE3;MRVE3;BPAN4;DXCO3;IRBR3;MRVE3;QUAL3
;;;;;;;;;;;;;;;;;;;;;;;;;;;;;;;;;;;;;;;;;;;;;;;;;;;;;;;;;;;;;JHSF3;JHSF3;JHSF3;ECOR3;EZTC3;EZTC3;CPLE6;JPSA3;PCAR3;CVCB3;MRVE3;PCAR3;BPAN4;BPAN4;BPAN4;PCAR3;PCAR3;PCAR3;PCAR3;IRBR3
;;;;;;;;;;;;;;;;;;;;;;;;;;;;;;;;;;;;;;;;;;;;;;;;;;;;;;;;;;;;;;;ECOR3;JHSF3;BEEF3;BEEF3;EZTC3;EZTC3;MRVE3;MRVE3;CVCB3;CVCB3;PCAR3;IGTI11;CVCB3;LWSA3;QUAL3;LWSA3;IRBR3;PCAR3
;;;;;;;;;;;;;;;;;;;;;;;;;;;;;;;;;;;;;;;;;;;;;;;;;;;;;;;;;;;;;;;;;JHSF3;JHSF3;BEEF3;BEEF3;GOLL4;ECOR3;ECOR3;GOLL4;IGTI11;CIEL3;IGTI11;BEEF3;MRVE3;MRVE3;BPAN4;BPAN4
;;;;;;;;;;;;;;;;;;;;;;;;;;;;;;;;;;;;;;;;;;;;;;;;;;;;;;;;;;;;;;;;;ECOR3;ECOR3;JHSF3;JHSF3;CASH3;GOLL4;IGTI11;BEEF3;CVCB3;GOLL4;CIEL3;MRVE3;LWSA3;BPAN4;CVCB3;ECOR3
;;;;;;;;;;;;;;;;;;;;;;;;;;;;;;;;;;;;;;;;;;;;;;;;;;;;;;;;;;;;;;;;;;;;;ECOR3;JPSA3;GOLL4;IGTI11;GOLL4;CVCB3;BEEF3;CVCB3;BPAN4;ECOR3;ECOR3;JHSF3
;;;;;;;;;;;;;;;;;;;;;;;;;;;;;;;;;;;;;;;;;;;;;;;;;;;;;;;;;;;;;;;;;;;;;BIDI4;CIEL3;CIEL3;CIEL3;ECOR3;BEEF3;GOLL4;GOLL4;CVCB3;JHSF3;JHSF3;CVCB3
;;;;;;;;;;;;;;;;;;;;;;;;;;;;;;;;;;;;;;;;;;;;;;;;;;;;;;;;;;;;;;;;;;;;;CIEL3;BIDI4;BIDI4;ECOR3;CIEL3;ECOR3;ECOR3;ECOR3;ECOR3;CVCB3;EZTC3;EZTC3
;;;;;;;;;;;;;;;;;;;;;;;;;;;;;;;;;;;;;;;;;;;;;;;;;;;;;;;;;;;;;;;;;;;;;JPSA3;BEEF3;BEEF3;EZTC3;BEEF3;EZTC3;JHSF3;JHSF3;GOLL4;GOLL4;GOLL4;GOLL4
;;;;;;;;;;;;;;;;;;;;;;;;;;;;;;;;;;;;;;;;;;;;;;;;;;;;;;;;;;;;;;;;;;;;;BEEF3;CASH3;EZTC3;BIDI4;EZTC3;JHSF3;EZTC3;EZTC3;JHSF3;EZTC3;CASH3;CASH3
;;;;;;;;;;;;;;;;;;;;;;;;;;;;;;;;;;;;;;;;;;;;;;;;;;;;;;;;;;;;;;;;;;;;;EZTC3;EZTC3;CASH3;JHSF3;JHSF3;CASH3;CASH3;CASH3;EZTC3;CASH3;POSI3;POSI3
;;;;;;;;;;;;;;;;;;;;;;;;;;;;;;;;;;;;;;;;;;;;;;;;;;;;;;;;;;;;;;;;;;;;;JHSF3;JHSF3;JHSF3;CASH3;CASH3;POSI3;POSI3;POSI3;CASH3;POSI3;;
;;;;;;;;;;;;;;;;;;;;;;;;;;;;;;;;;;;;;;;;;;;;;;;;;;;;;;;;;;;;;;;;;;;;;;GETT11;GETT11;GETT11;POSI3;;;;POSI3;;;
